{"MAE": 38.467808598355866, "RMSE": 41.85934630609239, "MAPE": 21.726297679494124}