{"MAE": 38.46780799121816, "RMSE": 41.859345765641415, "MAPE": 21.726297319665917}