{"MAE": 14.630595383196672, "RMSE": 16.6533295452638, "MAPE": 6.490914035816048}