{"MAE": 14.762673307616376, "RMSE": 16.950956669595676, "MAPE": 9.043031792002342}