{"MAE": 27.79288675165473, "RMSE": 31.680084383972506, "MAPE": 15.905122353516866}