{"MAE": 12.719570256518075, "RMSE": 14.71678524545048, "MAPE": 6.30281112905246}