{"MAE": 20.505747945386126, "RMSE": 21.76990371553127, "MAPE": 9.370055961775202}