{"MAE": 18.88843132278816, "RMSE": 22.662828655258675, "MAPE": 11.893027778086694}