{"MAE": 34.12726355519401, "RMSE": 37.386628368147086, "MAPE": 19.312981151120656}