{"MAE": 34.12726146240905, "RMSE": 37.38662613508785, "MAPE": 19.3129799857086}