{"MAE": 20.199631967302057, "RMSE": 22.509163743182498, "MAPE": 7.171971652969137}